cfg_id,Space,Method,Params,Post,Precision,Recall,F1,Global P,Global R,Global F1,k,tau,tau2,rho
105,Lab,C,"tau=8, tau2=1.5, rho=0.6",fill+lcc,0.9562,0.9888,0.9715,0.97,0.992,0.9809,,8.0,1.5,0.6
97,Lab,C,"tau=8, tau2=1.0, rho=0.6",fill+lcc,0.9548,0.9893,0.971,0.9696,0.9922,0.9808,,8.0,1.0,0.6
107,Lab,C,"tau=8, tau2=1.5, rho=0.7",fill+lcc,0.9476,0.9928,0.969,0.9656,0.9931,0.9792,,8.0,1.5,0.7
169,normalised rgb,C,"tau=0.03, tau2=0.012, rho=0.4",fill+lcc,0.9506,0.9882,0.9683,0.97,0.992,0.9808,,0.03,0.012,0.4
99,Lab,C,"tau=8, tau2=1.0, rho=0.7",fill+lcc,0.9456,0.9933,0.9682,0.965,0.9933,0.979,,8.0,1.0,0.7
161,normalised rgb,C,"tau=0.03, tau2=0.008, rho=0.4",fill+lcc,0.9476,0.9883,0.9669,0.9694,0.992,0.9806,,0.03,0.008,0.4
197,normalised rgb,C,"tau=0.04, tau2=0.012, rho=0.6",fill+lcc,0.9552,0.98,0.9662,0.9803,0.9626,0.9714,,0.04,0.012,0.6
171,normalised rgb,C,"tau=0.03, tau2=0.012, rho=0.5",fill+lcc,0.9453,0.9889,0.966,0.9691,0.9922,0.9805,,0.03,0.012,0.5
193,normalised rgb,C,"tau=0.04, tau2=0.012, rho=0.4",fill+lcc,0.9639,0.9704,0.9658,0.9827,0.96,0.9712,,0.04,0.012,0.4
189,normalised rgb,C,"tau=0.04, tau2=0.008, rho=0.6",fill+lcc,0.9535,0.9804,0.9655,0.9797,0.9627,0.9712,,0.04,0.008,0.6
173,normalised rgb,C,"tau=0.03, tau2=0.012, rho=0.6",fill+lcc,0.9432,0.9904,0.9655,0.9681,0.9926,0.9802,,0.03,0.012,0.6
163,normalised rgb,C,"tau=0.03, tau2=0.008, rho=0.5",fill+lcc,0.9436,0.9892,0.9652,0.9687,0.9923,0.9804,,0.03,0.008,0.5
185,normalised rgb,C,"tau=0.04, tau2=0.008, rho=0.4",fill+lcc,0.9628,0.9706,0.9652,0.9825,0.9601,0.9712,,0.04,0.008,0.4
165,normalised rgb,C,"tau=0.03, tau2=0.008, rho=0.6",fill+lcc,0.9415,0.9908,0.9648,0.9676,0.9927,0.98,,0.03,0.008,0.6
205,normalised rgb,C,"tau=0.04, tau2=0.02, rho=0.6",fill+lcc,0.9627,0.9703,0.9646,0.9817,0.9591,0.9703,,0.04,0.02,0.6
179,normalised rgb,C,"tau=0.03, tau2=0.02, rho=0.5",fill+lcc,0.9519,0.9799,0.9642,0.9701,0.9889,0.9794,,0.03,0.02,0.5
177,normalised rgb,C,"tau=0.03, tau2=0.02, rho=0.4",fill+lcc,0.9523,0.9795,0.9642,0.9702,0.9887,0.9794,,0.03,0.02,0.4
81,Lab,C,"tau=6, tau2=1.5, rho=0.6",fill+lcc,0.9395,0.9925,0.9642,0.9434,0.9947,0.9684,,6.0,1.5,0.6
181,normalised rgb,C,"tau=0.03, tau2=0.02, rho=0.6",fill+lcc,0.9506,0.9807,0.964,0.9694,0.9891,0.9792,,0.03,0.02,0.6
73,Lab,C,"tau=6, tau2=1.0, rho=0.6",fill+lcc,0.9378,0.9929,0.9635,0.9429,0.9949,0.9682,,6.0,1.0,0.6
195,normalised rgb,C,"tau=0.04, tau2=0.012, rho=0.5",fill+lcc,0.9582,0.9716,0.9635,0.9816,0.9604,0.9709,,0.04,0.012,0.5
187,normalised rgb,C,"tau=0.04, tau2=0.008, rho=0.5",fill+lcc,0.9565,0.9719,0.9627,0.9812,0.9605,0.9708,,0.04,0.008,0.5
183,normalised rgb,C,"tau=0.03, tau2=0.02, rho=0.7",fill+lcc,0.9459,0.982,0.9622,0.9674,0.9895,0.9783,,0.03,0.02,0.7
207,normalised rgb,C,"tau=0.04, tau2=0.02, rho=0.7",fill+lcc,0.9556,0.972,0.9618,0.9785,0.9597,0.969,,0.04,0.02,0.7
203,normalised rgb,C,"tau=0.04, tau2=0.02, rho=0.5",fill+lcc,0.9649,0.9624,0.9616,0.9828,0.957,0.9697,,0.04,0.02,0.5
201,normalised rgb,C,"tau=0.04, tau2=0.02, rho=0.4",fill+lcc,0.9655,0.9612,0.9612,0.983,0.9566,0.9696,,0.04,0.02,0.4
83,Lab,C,"tau=6, tau2=1.5, rho=0.7",fill+lcc,0.9311,0.995,0.9611,0.9395,0.9955,0.9667,,6.0,1.5,0.7
199,normalised rgb,C,"tau=0.04, tau2=0.012, rho=0.7",fill+lcc,0.943,0.9822,0.9606,0.9733,0.9633,0.9682,,0.04,0.012,0.7
75,Lab,C,"tau=6, tau2=1.0, rho=0.7",fill+lcc,0.9291,0.9955,0.9602,0.9388,0.9957,0.9664,,6.0,1.0,0.7
175,normalised rgb,C,"tau=0.03, tau2=0.012, rho=0.7",fill+lcc,0.9323,0.9921,0.9602,0.962,0.993,0.9773,,0.03,0.012,0.7
191,normalised rgb,C,"tau=0.04, tau2=0.008, rho=0.7",fill+lcc,0.9407,0.9829,0.9597,0.9721,0.9635,0.9678,,0.04,0.008,0.7
167,normalised rgb,C,"tau=0.03, tau2=0.008, rho=0.7",fill+lcc,0.9297,0.9928,0.9592,0.9608,0.9932,0.9767,,0.03,0.008,0.7
109,Lab,C,"tau=8, tau2=1.5, rho=0.8",fill+lcc,0.9242,0.9941,0.957,0.9489,0.9941,0.9709,,8.0,1.5,0.8
137,normalised rgb,B,tau=0.03,fill+lcc,0.9527,0.9699,0.9568,0.9702,0.985,0.9776,,0.03,,
101,Lab,C,"tau=8, tau2=1.0, rho=0.8",fill+lcc,0.9174,0.9947,0.9536,0.9461,0.9943,0.9696,,8.0,1.0,0.8
123,normalised rgb,A,k=2.0,fill+lcc,0.9154,0.9897,0.9491,0.9619,0.9909,0.9762,2.0,,,
85,Lab,C,"tau=6, tau2=1.5, rho=0.8",fill+lcc,0.9076,0.996,0.9486,0.918,0.9962,0.9555,,6.0,1.5,0.8
125,normalised rgb,A,k=2.5,fill+lcc,0.9364,0.967,0.9462,0.9729,0.9566,0.9647,2.5,,,
77,Lab,C,"tau=6, tau2=1.0, rho=0.8",fill+lcc,0.901,0.9965,0.9452,0.9155,0.9964,0.9542,,6.0,1.0,0.8
153,normalised rgb,C,"tau=0.02, tau2=0.012, rho=0.4",fill+lcc,0.9032,0.9937,0.9448,0.9266,0.9949,0.9595,,0.02,0.012,0.4
113,Lab,C,"tau=8, tau2=2.5, rho=0.6",fill+lcc,0.9601,0.9573,0.9445,0.9706,0.9782,0.9744,,8.0,2.5,0.6
115,Lab,C,"tau=8, tau2=2.5, rho=0.7",fill+lcc,0.9536,0.9615,0.944,0.9673,0.9795,0.9733,,8.0,2.5,0.7
145,normalised rgb,C,"tau=0.02, tau2=0.008, rho=0.4",fill+lcc,0.9007,0.9938,0.9436,0.9262,0.995,0.9593,,0.02,0.008,0.4
155,normalised rgb,C,"tau=0.02, tau2=0.012, rho=0.5",fill+lcc,0.9003,0.994,0.9435,0.9261,0.995,0.9594,,0.02,0.012,0.5
157,normalised rgb,C,"tau=0.02, tau2=0.012, rho=0.6",fill+lcc,0.8996,0.9948,0.9434,0.9259,0.9952,0.9593,,0.02,0.012,0.6
57,Lab,C,"tau=4, tau2=1.5, rho=0.6",fill+lcc,0.8984,0.996,0.943,0.9119,0.9969,0.9525,,4.0,1.5,0.6
149,normalised rgb,C,"tau=0.02, tau2=0.008, rho=0.6",fill+lcc,0.8981,0.9952,0.9428,0.9255,0.9953,0.9591,,0.02,0.008,0.6
147,normalised rgb,C,"tau=0.02, tau2=0.008, rho=0.5",fill+lcc,0.8985,0.9944,0.9426,0.9257,0.9952,0.9592,,0.02,0.008,0.5
49,Lab,C,"tau=4, tau2=1.0, rho=0.6",fill+lcc,0.8968,0.9964,0.9423,0.9114,0.9971,0.9523,,4.0,1.0,0.6
135,normalised rgb,B,tau=0.02,fill+lcc,0.906,0.9855,0.9421,0.927,0.9919,0.9584,,0.02,,
89,Lab,C,"tau=6, tau2=2.5, rho=0.6",fill+lcc,0.9433,0.9635,0.9414,0.9439,0.982,0.9626,,6.0,2.5,0.6
117,Lab,C,"tau=8, tau2=2.5, rho=0.8",fill+lcc,0.9438,0.9633,0.941,0.9601,0.9804,0.9701,,8.0,2.5,0.8
159,normalised rgb,C,"tau=0.02, tau2=0.012, rho=0.7",fill+lcc,0.8944,0.9952,0.9407,0.9176,0.9953,0.9549,,0.02,0.012,0.7
91,Lab,C,"tau=6, tau2=2.5, rho=0.7",fill+lcc,0.9375,0.9658,0.9397,0.941,0.9827,0.9614,,6.0,2.5,0.7
111,Lab,C,"tau=8, tau2=1.5, rho=0.9",fill+lcc,0.8902,0.9956,0.9387,0.9073,0.9955,0.9494,,8.0,1.5,0.9
151,normalised rgb,C,"tau=0.02, tau2=0.008, rho=0.7",fill+lcc,0.8898,0.996,0.9386,0.9159,0.9955,0.954,,0.02,0.008,0.7
59,Lab,C,"tau=4, tau2=1.5, rho=0.7",fill+lcc,0.8897,0.9969,0.9384,0.9079,0.9973,0.9505,,4.0,1.5,0.7
51,Lab,C,"tau=4, tau2=1.0, rho=0.7",fill+lcc,0.8866,0.9973,0.9369,0.9066,0.9975,0.9499,,4.0,1.0,0.7
93,Lab,C,"tau=6, tau2=2.5, rho=0.8",fill+lcc,0.9267,0.9667,0.9345,0.9279,0.9832,0.9548,,6.0,2.5,0.8
119,Lab,C,"tau=8, tau2=2.5, rho=0.9",fill+lcc,0.9223,0.9665,0.9333,0.9385,0.9821,0.9598,,8.0,2.5,0.9
87,Lab,C,"tau=6, tau2=1.5, rho=0.9",fill+lcc,0.8794,0.9966,0.933,0.8943,0.9967,0.9427,,6.0,1.5,0.9
71,Lab,C,"tau=4, tau2=2.5, rho=0.9",fill+lcc,0.8807,0.994,0.9317,0.8986,0.9962,0.9449,,4.0,2.5,0.9
103,Lab,C,"tau=8, tau2=1.0, rho=0.9",fill+lcc,0.8755,0.9963,0.9302,0.8992,0.9958,0.945,,8.0,1.0,0.9
221,normalised rgb,C,"tau=0.06, tau2=0.012, rho=0.6",fill+lcc,0.9702,0.9196,0.929,0.9898,0.8637,0.9224,,0.06,0.012,0.6
213,normalised rgb,C,"tau=0.06, tau2=0.008, rho=0.6",fill+lcc,0.9685,0.92,0.9283,0.9891,0.8638,0.9222,,0.06,0.008,0.6
61,Lab,C,"tau=4, tau2=1.5, rho=0.8",fill+lcc,0.8709,0.9974,0.928,0.896,0.9977,0.9441,,4.0,1.5,0.8
17,Lab,B,tau=4,fill+lcc,0.9111,0.9659,0.9278,0.914,0.9836,0.9476,,4.0,,
65,Lab,C,"tau=4, tau2=2.5, rho=0.6",fill+lcc,0.9014,0.9725,0.9272,0.9119,0.9866,0.9478,,4.0,2.5,0.6
95,Lab,C,"tau=6, tau2=2.5, rho=0.9",fill+lcc,0.9084,0.968,0.9266,0.9151,0.9841,0.9483,,6.0,2.5,0.9
229,normalised rgb,C,"tau=0.06, tau2=0.02, rho=0.6",fill+lcc,0.9778,0.9072,0.9254,0.9914,0.859,0.9205,,0.06,0.02,0.6
53,Lab,C,"tau=4, tau2=1.0, rho=0.8",fill+lcc,0.8646,0.9979,0.9248,0.8936,0.9979,0.9429,,4.0,1.0,0.8
79,Lab,C,"tau=6, tau2=1.0, rho=0.9",fill+lcc,0.8649,0.9973,0.9246,0.8866,0.9971,0.9386,,6.0,1.0,0.9
139,normalised rgb,B,tau=0.04,fill+lcc,0.9655,0.9175,0.9245,0.983,0.9447,0.9635,,0.04,,
67,Lab,C,"tau=4, tau2=2.5, rho=0.7",fill+lcc,0.8955,0.9732,0.9241,0.9091,0.9868,0.9463,,4.0,2.5,0.7
223,normalised rgb,C,"tau=0.06, tau2=0.012, rho=0.7",fill+lcc,0.9549,0.9242,0.924,0.9825,0.8654,0.9202,,0.06,0.012,0.7
215,normalised rgb,C,"tau=0.06, tau2=0.008, rho=0.7",fill+lcc,0.9525,0.925,0.9232,0.9812,0.8656,0.9198,,0.06,0.008,0.7
127,normalised rgb,A,k=3.0,fill+lcc,0.9498,0.9366,0.9227,0.978,0.8931,0.9336,3.0,,,
231,normalised rgb,C,"tau=0.06, tau2=0.02, rho=0.7",fill+lcc,0.9646,0.9123,0.9222,0.9857,0.8611,0.9192,,0.06,0.02,0.7
217,normalised rgb,C,"tau=0.06, tau2=0.012, rho=0.4",fill+lcc,0.9865,0.897,0.9214,0.9946,0.8552,0.9197,,0.06,0.012,0.4
209,normalised rgb,C,"tau=0.06, tau2=0.008, rho=0.4",fill+lcc,0.9854,0.8972,0.9208,0.9943,0.8553,0.9196,,0.06,0.008,0.4
69,Lab,C,"tau=4, tau2=2.5, rho=0.8",fill+lcc,0.8886,0.9736,0.9205,0.9043,0.9871,0.9439,,4.0,2.5,0.8
219,normalised rgb,C,"tau=0.06, tau2=0.012, rho=0.5",fill+lcc,0.9792,0.9007,0.9204,0.9928,0.8573,0.9201,,0.06,0.012,0.5
211,normalised rgb,C,"tau=0.06, tau2=0.008, rho=0.5",fill+lcc,0.9774,0.901,0.9196,0.9923,0.8574,0.92,,0.06,0.008,0.5
63,Lab,C,"tau=4, tau2=1.5, rho=0.9",fill+lcc,0.8522,0.9978,0.9174,0.8782,0.998,0.9343,,4.0,1.5,0.9
227,normalised rgb,C,"tau=0.06, tau2=0.02, rho=0.5",fill+lcc,0.9859,0.8873,0.9153,0.9942,0.8521,0.9177,,0.06,0.02,0.5
19,Lab,B,tau=6,fill+lcc,0.9515,0.9125,0.9144,0.948,0.9615,0.9547,,6.0,,
225,normalised rgb,C,"tau=0.06, tau2=0.02, rho=0.4",fill+lcc,0.9882,0.8841,0.914,0.995,0.8504,0.917,,0.06,0.02,0.4
121,normalised rgb,A,k=1.5,fill+lcc,0.8479,0.9959,0.9115,0.929,0.9955,0.9611,1.5,,,
15,Lab,B,tau=3,fill+lcc,0.8459,0.9953,0.9108,0.8851,0.997,0.9377,,3.0,,
55,Lab,C,"tau=4, tau2=1.0, rho=0.9",fill+lcc,0.8383,0.9984,0.9091,0.8706,0.9982,0.9301,,4.0,1.0,0.9
41,Lab,C,"tau=3, tau2=2.5, rho=0.6",fill+lcc,0.8416,0.996,0.9084,0.8833,0.9973,0.9369,,3.0,2.5,0.6
43,Lab,C,"tau=3, tau2=2.5, rho=0.7",fill+lcc,0.8406,0.9963,0.908,0.8829,0.9974,0.9367,,3.0,2.5,0.7
33,Lab,C,"tau=3, tau2=1.5, rho=0.6",fill+lcc,0.8377,0.9975,0.9068,0.882,0.9979,0.9364,,3.0,1.5,0.6
25,Lab,C,"tau=3, tau2=1.0, rho=0.6",fill+lcc,0.8358,0.9978,0.9058,0.8812,0.998,0.936,,3.0,1.0,0.6
45,Lab,C,"tau=3, tau2=2.5, rho=0.8",fill+lcc,0.8367,0.9964,0.9056,0.8807,0.9974,0.9354,,3.0,2.5,0.8
35,Lab,C,"tau=3, tau2=1.5, rho=0.7",fill+lcc,0.8322,0.998,0.9038,0.8798,0.9982,0.9353,,3.0,1.5,0.7
27,Lab,C,"tau=3, tau2=1.0, rho=0.7",fill+lcc,0.8301,0.9984,0.9027,0.8791,0.9983,0.9349,,3.0,1.0,0.7
47,Lab,C,"tau=3, tau2=2.5, rho=0.9",fill+lcc,0.8316,0.9965,0.9026,0.8777,0.9975,0.9338,,3.0,2.5,0.9
5,Lab,A,k=2.5,fill+lcc,0.9545,0.8994,0.9019,0.9768,0.9203,0.9477,2.5,,,
3,Lab,A,k=2.0,fill+lcc,0.9161,0.9225,0.9017,0.9618,0.944,0.9528,2.0,,,
1,Lab,A,k=1.5,fill+lcc,0.8343,0.9895,0.8992,0.9194,0.9914,0.954,1.5,,,
37,Lab,C,"tau=3, tau2=1.5, rho=0.8",fill+lcc,0.8184,0.9982,0.8958,0.8717,0.9983,0.9307,,3.0,1.5,0.8
29,Lab,C,"tau=3, tau2=1.0, rho=0.8",fill+lcc,0.8121,0.9987,0.8922,0.8691,0.9985,0.9293,,3.0,1.0,0.8
129,normalised rgb,A,k=4.0,fill+lcc,0.9671,0.8798,0.8851,0.9848,0.8675,0.9224,4.0,,,
39,Lab,C,"tau=3, tau2=1.5, rho=0.9",fill+lcc,0.7946,0.9987,0.8812,0.8535,0.9985,0.9203,,3.0,1.5,0.9
31,Lab,C,"tau=3, tau2=1.0, rho=0.9",fill+lcc,0.7826,0.999,0.8739,0.8465,0.9987,0.9163,,3.0,1.0,0.9
74,Lab,C,"tau=6, tau2=1.0, rho=0.7",none,0.8916,0.876,0.8723,0.9218,0.9343,0.928,,6.0,1.0,0.7
50,Lab,C,"tau=4, tau2=1.0, rho=0.7",none,0.8446,0.9083,0.8676,0.8959,0.9546,0.9243,,4.0,1.0,0.7
98,Lab,C,"tau=8, tau2=1.0, rho=0.7",none,0.906,0.8496,0.8639,0.9399,0.9168,0.9282,,8.0,1.0,0.7
76,Lab,C,"tau=6, tau2=1.0, rho=0.8",none,0.8577,0.8876,0.863,0.9044,0.9443,0.9239,,6.0,1.0,0.8
150,normalised rgb,C,"tau=0.02, tau2=0.008, rho=0.7",none,0.8518,0.8901,0.8613,0.9055,0.9456,0.9251,,0.02,0.008,0.7
166,normalised rgb,C,"tau=0.03, tau2=0.008, rho=0.7",none,0.8868,0.8595,0.8611,0.9377,0.9244,0.931,,0.03,0.008,0.7
133,normalised rgb,B,tau=0.01,fill+lcc,0.7643,0.9989,0.8609,0.8473,0.9985,0.9167,,0.01,,
82,Lab,C,"tau=6, tau2=1.5, rho=0.7",none,0.8915,0.858,0.8596,0.9223,0.9244,0.9234,,6.0,1.5,0.7
52,Lab,C,"tau=4, tau2=1.0, rho=0.8",none,0.8209,0.9149,0.8585,0.8829,0.9598,0.9197,,4.0,1.0,0.8
100,Lab,C,"tau=8, tau2=1.0, rho=0.8",none,0.8684,0.8681,0.8581,0.9203,0.9321,0.9262,,8.0,1.0,0.8
7,Lab,A,k=3.0,fill+lcc,0.9674,0.8424,0.8575,0.9812,0.8088,0.8867,3.0,,,
48,Lab,C,"tau=4, tau2=1.0, rho=0.6",none,0.8496,0.8864,0.857,0.9,0.9483,0.9235,,4.0,1.0,0.6
58,Lab,C,"tau=4, tau2=1.5, rho=0.7",none,0.8422,0.8903,0.8563,0.8961,0.9447,0.9197,,4.0,1.5,0.7
122,normalised rgb,A,k=2.0,none,0.865,0.8695,0.8556,0.9467,0.8923,0.9187,2.0,,,
72,Lab,C,"tau=6, tau2=1.0, rho=0.6",none,0.9037,0.8445,0.8549,0.9275,0.9237,0.9256,,6.0,1.0,0.6
190,normalised rgb,C,"tau=0.04, tau2=0.008, rho=0.7",none,0.9005,0.8355,0.8547,0.9539,0.9063,0.9295,,0.04,0.008,0.7
148,normalised rgb,C,"tau=0.02, tau2=0.008, rho=0.6",none,0.8539,0.8791,0.8545,0.9075,0.9415,0.9242,,0.02,0.008,0.6
84,Lab,C,"tau=6, tau2=1.5, rho=0.8",none,0.8612,0.869,0.8523,0.9061,0.9337,0.9197,,6.0,1.5,0.8
158,normalised rgb,C,"tau=0.02, tau2=0.012, rho=0.7",none,0.8504,0.8752,0.8519,0.9058,0.9394,0.9223,,0.02,0.012,0.7
174,normalised rgb,C,"tau=0.03, tau2=0.012, rho=0.7",none,0.8864,0.8446,0.8514,0.9382,0.9183,0.9281,,0.03,0.012,0.7
106,Lab,C,"tau=8, tau2=1.5, rho=0.7",none,0.9082,0.8317,0.8507,0.9407,0.9069,0.9235,,8.0,1.5,0.7
26,Lab,C,"tau=3, tau2=1.0, rho=0.7",none,0.7862,0.9359,0.8502,0.8659,0.966,0.9132,,3.0,1.0,0.7
60,Lab,C,"tau=4, tau2=1.5, rho=0.8",none,0.8222,0.8962,0.849,0.8842,0.9492,0.9156,,4.0,1.5,0.8
124,normalised rgb,A,k=2.5,none,0.901,0.8289,0.8482,0.964,0.8595,0.9088,2.5,,,
164,normalised rgb,C,"tau=0.03, tau2=0.008, rho=0.6",none,0.898,0.8371,0.8478,0.9425,0.9162,0.9292,,0.03,0.008,0.6
56,Lab,C,"tau=4, tau2=1.5, rho=0.6",none,0.8443,0.874,0.8473,0.8997,0.9393,0.9191,,4.0,1.5,0.6
156,normalised rgb,C,"tau=0.02, tau2=0.012, rho=0.6",none,0.8523,0.8677,0.8473,0.9073,0.9367,0.9218,,0.02,0.012,0.6
108,Lab,C,"tau=8, tau2=1.5, rho=0.8",none,0.8732,0.8495,0.847,0.9223,0.9215,0.9219,,8.0,1.5,0.8
90,Lab,C,"tau=6, tau2=2.5, rho=0.7",none,0.899,0.8351,0.8466,0.9236,0.899,0.9111,,6.0,2.5,0.7
146,normalised rgb,C,"tau=0.02, tau2=0.008, rho=0.5",none,0.8501,0.8684,0.8455,0.9075,0.9388,0.9229,,0.02,0.008,0.5
144,normalised rgb,C,"tau=0.02, tau2=0.008, rho=0.4",none,0.8519,0.8663,0.8454,0.9077,0.9368,0.922,,0.02,0.008,0.4
66,Lab,C,"tau=4, tau2=2.5, rho=0.7",none,0.846,0.8674,0.8449,0.8965,0.9193,0.9077,,4.0,2.5,0.7
198,normalised rgb,C,"tau=0.04, tau2=0.012, rho=0.7",none,0.9006,0.8206,0.8447,0.9546,0.9002,0.9266,,0.04,0.012,0.7
28,Lab,C,"tau=3, tau2=1.0, rho=0.8",none,0.7737,0.94,0.8445,0.8574,0.969,0.9098,,3.0,1.0,0.8
131,normalised rgb,A,k=6.0,fill+lcc,0.9804,0.8188,0.8439,0.9895,0.8463,0.9123,6.0,,,
80,Lab,C,"tau=6, tau2=1.5, rho=0.6",none,0.8977,0.8322,0.8435,0.9274,0.9148,0.921,,6.0,1.5,0.6
24,Lab,C,"tau=3, tau2=1.0, rho=0.6",none,0.7878,0.9185,0.8435,0.8685,0.9619,0.9128,,3.0,1.0,0.6
92,Lab,C,"tau=6, tau2=2.5, rho=0.8",none,0.8786,0.8441,0.8433,0.9139,0.9067,0.9103,,6.0,2.5,0.8
21,Lab,B,tau=8,fill+lcc,0.9796,0.8204,0.8429,0.9751,0.9216,0.9476,,8.0,,
13,Lab,B,tau=2,fill+lcc,0.7367,0.9989,0.842,0.8165,0.9991,0.8986,,2.0,,
68,Lab,C,"tau=4, tau2=2.5, rho=0.8",none,0.8348,0.8713,0.8413,0.8909,0.9222,0.9063,,4.0,2.5,0.8
152,normalised rgb,C,"tau=0.02, tau2=0.012, rho=0.4",none,0.8513,0.8581,0.841,0.9075,0.9335,0.9203,,0.02,0.012,0.4
154,normalised rgb,C,"tau=0.02, tau2=0.012, rho=0.5",none,0.8497,0.8596,0.8409,0.9074,0.9349,0.9209,,0.02,0.012,0.5
34,Lab,C,"tau=3, tau2=1.5, rho=0.7",none,0.783,0.918,0.8408,0.8658,0.9561,0.9087,,3.0,1.5,0.7
96,Lab,C,"tau=8, tau2=1.0, rho=0.6",none,0.9247,0.8105,0.8407,0.9463,0.9016,0.9234,,8.0,1.0,0.6
64,Lab,C,"tau=4, tau2=2.5, rho=0.6",none,0.8461,0.8589,0.8401,0.8985,0.9163,0.9073,,4.0,2.5,0.6
172,normalised rgb,C,"tau=0.03, tau2=0.012, rho=0.6",none,0.8965,0.8256,0.84,0.9426,0.9114,0.9267,,0.03,0.012,0.6
188,normalised rgb,C,"tau=0.04, tau2=0.008, rho=0.6",none,0.922,0.8063,0.8385,0.9608,0.8943,0.9264,,0.04,0.008,0.6
116,Lab,C,"tau=8, tau2=2.5, rho=0.8",none,0.8942,0.8246,0.8375,0.931,0.8945,0.9124,,8.0,2.5,0.8
78,Lab,C,"tau=6, tau2=1.0, rho=0.9",none,0.8026,0.8952,0.8375,0.8737,0.9528,0.9116,,6.0,1.0,0.9
114,Lab,C,"tau=8, tau2=2.5, rho=0.7",none,0.9201,0.8087,0.8371,0.9426,0.8815,0.911,,8.0,2.5,0.7
36,Lab,C,"tau=3, tau2=1.5, rho=0.8",none,0.7736,0.9213,0.8367,0.8584,0.9584,0.9056,,3.0,1.5,0.8
32,Lab,C,"tau=3, tau2=1.5, rho=0.6",none,0.784,0.9062,0.8358,0.8679,0.9529,0.9084,,3.0,1.5,0.6
54,Lab,C,"tau=4, tau2=1.0, rho=0.9",none,0.7783,0.9188,0.8357,0.8575,0.964,0.9076,,4.0,1.0,0.9
88,Lab,C,"tau=6, tau2=2.5, rho=0.6",none,0.9006,0.8171,0.8356,0.9268,0.8917,0.9089,,6.0,2.5,0.6
120,normalised rgb,A,k=1.5,none,0.7922,0.909,0.8356,0.9078,0.9255,0.9166,1.5,,,
214,normalised rgb,C,"tau=0.06, tau2=0.008, rho=0.7",none,0.9078,0.7952,0.8355,0.9688,0.8697,0.9166,,0.06,0.008,0.7
102,Lab,C,"tau=8, tau2=1.0, rho=0.9",none,0.8092,0.8814,0.8347,0.8856,0.9451,0.9144,,8.0,1.0,0.9
70,Lab,C,"tau=4, tau2=2.5, rho=0.9",none,0.8189,0.8735,0.8346,0.8823,0.9248,0.903,,4.0,2.5,0.9
94,Lab,C,"tau=6, tau2=2.5, rho=0.9",none,0.8507,0.8499,0.8345,0.9006,0.9136,0.9071,,6.0,2.5,0.9
86,Lab,C,"tau=6, tau2=1.5, rho=0.9",none,0.8153,0.876,0.8334,0.8803,0.9418,0.91,,6.0,1.5,0.9
62,Lab,C,"tau=4, tau2=1.5, rho=0.9",none,0.7888,0.8996,0.8324,0.8635,0.9529,0.906,,4.0,1.5,0.9
162,normalised rgb,C,"tau=0.03, tau2=0.008, rho=0.5",none,0.8921,0.82,0.8316,0.9431,0.9113,0.9269,,0.03,0.008,0.5
118,Lab,C,"tau=8, tau2=2.5, rho=0.9",none,0.8606,0.8361,0.8311,0.914,0.9059,0.9099,,8.0,2.5,0.9
42,Lab,C,"tau=3, tau2=2.5, rho=0.7",none,0.7845,0.895,0.831,0.8654,0.9307,0.8968,,3.0,2.5,0.7
196,normalised rgb,C,"tau=0.04, tau2=0.012, rho=0.6",none,0.922,0.7948,0.8304,0.961,0.8895,0.9238,,0.04,0.012,0.6
44,Lab,C,"tau=3, tau2=2.5, rho=0.8",none,0.7824,0.8964,0.8304,0.8639,0.9314,0.8964,,3.0,2.5,0.8
160,normalised rgb,C,"tau=0.03, tau2=0.008, rho=0.4",none,0.8941,0.8159,0.8303,0.9434,0.9072,0.9249,,0.03,0.008,0.4
110,Lab,C,"tau=8, tau2=1.5, rho=0.9",none,0.8228,0.8621,0.8302,0.8925,0.9341,0.9128,,8.0,1.5,0.9
40,Lab,C,"tau=3, tau2=2.5, rho=0.6",none,0.7846,0.8911,0.8294,0.866,0.9299,0.8968,,3.0,2.5,0.6
134,normalised rgb,B,tau=0.02,none,0.8507,0.837,0.8289,0.9067,0.9187,0.9127,,0.02,,
104,Lab,C,"tau=8, tau2=1.5, rho=0.6",none,0.9223,0.7982,0.8287,0.9464,0.8926,0.9187,,8.0,1.5,0.6
46,Lab,C,"tau=3, tau2=2.5, rho=0.9",none,0.7776,0.8971,0.8277,0.8604,0.932,0.8948,,3.0,2.5,0.9
182,normalised rgb,C,"tau=0.03, tau2=0.02, rho=0.7",none,0.8912,0.8065,0.8273,0.9399,0.8975,0.9183,,0.03,0.02,0.7
126,normalised rgb,A,k=3.0,none,0.917,0.7872,0.8271,0.9725,0.8292,0.8951,3.0,,,
170,normalised rgb,C,"tau=0.03, tau2=0.012, rho=0.5",none,0.8925,0.8112,0.8268,0.943,0.9073,0.9248,,0.03,0.012,0.5
30,Lab,C,"tau=3, tau2=1.0, rho=0.9",none,0.7442,0.9424,0.8268,0.8378,0.9712,0.8996,,3.0,1.0,0.9
168,normalised rgb,C,"tau=0.03, tau2=0.012, rho=0.4",none,0.8943,0.8077,0.8257,0.9433,0.9038,0.9232,,0.03,0.012,0.4
222,normalised rgb,C,"tau=0.06, tau2=0.012, rho=0.7",none,0.9082,0.7803,0.8253,0.9696,0.8635,0.9135,,0.06,0.012,0.7
14,Lab,B,tau=3,none,0.7846,0.8814,0.8248,0.8641,0.9107,0.8868,,3.0,,
38,Lab,C,"tau=3, tau2=1.5, rho=0.9",none,0.7532,0.9232,0.8248,0.8433,0.9602,0.8979,,3.0,1.5,0.9
16,Lab,B,tau=4,none,0.8482,0.827,0.8243,0.8941,0.8581,0.8757,,4.0,,
2,Lab,A,k=2.0,none,0.863,0.8198,0.8239,0.9375,0.79,0.8575,2.0,,,
112,Lab,C,"tau=8, tau2=2.5, rho=0.6",none,0.9277,0.7831,0.8203,0.9464,0.8696,0.9064,,8.0,2.5,0.6
206,normalised rgb,C,"tau=0.04, tau2=0.02, rho=0.7",none,0.9075,0.7825,0.8198,0.9568,0.8795,0.9165,,0.04,0.02,0.7
180,normalised rgb,C,"tau=0.03, tau2=0.02, rho=0.6",none,0.8965,0.795,0.8195,0.9426,0.8934,0.9173,,0.03,0.02,0.6
186,normalised rgb,C,"tau=0.04, tau2=0.008, rho=0.5",none,0.9216,0.7857,0.8193,0.9622,0.8863,0.9227,,0.04,0.008,0.5
184,normalised rgb,C,"tau=0.04, tau2=0.008, rho=0.4",none,0.9237,0.7791,0.8164,0.9627,0.8792,0.9191,,0.04,0.008,0.4
212,normalised rgb,C,"tau=0.06, tau2=0.008, rho=0.6",none,0.939,0.7568,0.8157,0.9782,0.8478,0.9084,,0.06,0.008,0.6
194,normalised rgb,C,"tau=0.04, tau2=0.012, rho=0.5",none,0.9223,0.7769,0.8143,0.9623,0.8824,0.9206,,0.04,0.012,0.5
178,normalised rgb,C,"tau=0.03, tau2=0.02, rho=0.5",none,0.8961,0.7887,0.8141,0.943,0.8912,0.9163,,0.03,0.02,0.5
141,normalised rgb,B,tau=0.06,fill+lcc,0.9888,0.7739,0.8131,0.9952,0.8165,0.8971,,0.06,,
176,normalised rgb,C,"tau=0.03, tau2=0.02, rho=0.4",none,0.8963,0.7866,0.8129,0.943,0.8891,0.9152,,0.03,0.02,0.4
192,normalised rgb,C,"tau=0.04, tau2=0.012, rho=0.4",none,0.9241,0.7709,0.8115,0.9627,0.8759,0.9172,,0.04,0.012,0.4
132,normalised rgb,B,tau=0.01,none,0.7286,0.9289,0.8093,0.8351,0.9689,0.897,,0.01,,
4,Lab,A,k=2.5,none,0.9071,0.7678,0.8089,0.9598,0.7194,0.8224,2.5,,,
204,normalised rgb,C,"tau=0.04, tau2=0.02, rho=0.6",none,0.9242,0.7642,0.8085,0.9613,0.8715,0.9142,,0.04,0.02,0.6
220,normalised rgb,C,"tau=0.06, tau2=0.012, rho=0.6",none,0.9397,0.7454,0.8073,0.9785,0.843,0.9057,,0.06,0.012,0.6
0,Lab,A,k=1.5,none,0.7747,0.8718,0.8067,0.8863,0.8468,0.8661,1.5,,,
202,normalised rgb,C,"tau=0.04, tau2=0.02, rho=0.5",none,0.9268,0.7544,0.8008,0.9625,0.8662,0.9118,,0.04,0.02,0.5
230,normalised rgb,C,"tau=0.06, tau2=0.02, rho=0.7",none,0.9161,0.7422,0.7997,0.9724,0.8428,0.903,,0.06,0.02,0.7
200,normalised rgb,C,"tau=0.04, tau2=0.02, rho=0.4",none,0.9269,0.7498,0.7979,0.9626,0.8611,0.9091,,0.04,0.02,0.4
143,normalised rgb,B,tau=0.08,fill+lcc,0.9934,0.7541,0.7952,0.9969,0.8055,0.8911,,0.08,,
9,Lab,A,k=4.0,fill+lcc,0.9802,0.773,0.7948,0.99,0.7463,0.8511,4.0,,,
136,normalised rgb,B,tau=0.03,none,0.8952,0.7617,0.7939,0.9416,0.8631,0.9006,,0.03,,
210,normalised rgb,C,"tau=0.06, tau2=0.008, rho=0.5",none,0.9531,0.7279,0.7931,0.9817,0.8297,0.8993,,0.06,0.008,0.5
12,Lab,B,tau=2,none,0.6973,0.9323,0.7925,0.8052,0.9552,0.8738,,2.0,,
218,normalised rgb,C,"tau=0.06, tau2=0.012, rho=0.5",none,0.9541,0.7191,0.7879,0.9818,0.8257,0.897,,0.06,0.012,0.5
208,normalised rgb,C,"tau=0.06, tau2=0.008, rho=0.4",none,0.96,0.7143,0.7859,0.9835,0.8132,0.8903,,0.06,0.008,0.4
128,normalised rgb,A,k=4.0,none,0.9383,0.7186,0.7846,0.9802,0.7649,0.8593,4.0,,,
228,normalised rgb,C,"tau=0.06, tau2=0.02, rho=0.6",none,0.944,0.7148,0.7846,0.9793,0.825,0.8956,,0.06,0.02,0.6
6,Lab,A,k=3.0,none,0.9323,0.719,0.7811,0.9697,0.6671,0.7904,3.0,,,
216,normalised rgb,C,"tau=0.06, tau2=0.012, rho=0.4",none,0.9606,0.7062,0.7809,0.9836,0.8099,0.8883,,0.06,0.012,0.4
226,normalised rgb,C,"tau=0.06, tau2=0.02, rho=0.5",none,0.9593,0.6966,0.7738,0.9825,0.8096,0.8877,,0.06,0.02,0.5
18,Lab,B,tau=6,none,0.9055,0.7078,0.7685,0.9172,0.7402,0.8192,,6.0,,
224,normalised rgb,C,"tau=0.06, tau2=0.02, rho=0.4",none,0.9641,0.6851,0.7666,0.9839,0.7952,0.8795,,0.06,0.02,0.4
138,normalised rgb,B,tau=0.04,none,0.9263,0.7089,0.764,0.9612,0.8185,0.8841,,0.04,,
130,normalised rgb,A,k=6.0,none,0.9643,0.6129,0.7072,0.9838,0.6368,0.7732,6.0,,,
140,normalised rgb,B,tau=0.06,none,0.9644,0.6109,0.7044,0.983,0.7135,0.8268,,0.06,,
20,Lab,B,tau=8,none,0.9362,0.6068,0.6928,0.9369,0.6521,0.7689,,8.0,,
8,Lab,A,k=4.0,none,0.9562,0.5999,0.6901,0.9813,0.5472,0.7026,4.0,,,
142,normalised rgb,B,tau=0.08,none,0.9796,0.5225,0.6336,0.989,0.6214,0.7632,,0.08,,
11,Lab,A,k=6.0,fill+lcc,0.99,0.5867,0.6318,0.9963,0.5765,0.7304,6.0,,,
23,Lab,B,tau=12,fill+lcc,0.9589,0.549,0.6223,0.9978,0.672,0.8031,,12.0,,
22,Lab,B,tau=12,none,0.9461,0.4579,0.5626,0.9693,0.492,0.6527,,12.0,,
10,Lab,A,k=6.0,none,0.9733,0.441,0.5406,0.9847,0.3766,0.5449,6.0,,,
