Descriptor,Parameters,Distance,Query,GT IDs,Top 1 ID,Top 5 IDs,AP@1,AP@5
M5 CLAHE LAB,"bins=64, clip=4.0, tile=8",L1,00000.jpg,[120],236,"[236, 14, 222, 120, 95]",0.0,0.25
M5 CLAHE LAB,"bins=64, clip=4.0, tile=8",L1,00001.jpg,[170],170,"[170, 23, 196, 281, 218]",1.0,1.0
M5 CLAHE LAB,"bins=64, clip=4.0, tile=8",L1,00002.jpg,[277],277,"[277, 286, 83, 247, 180]",1.0,1.0
M5 CLAHE LAB,"bins=64, clip=4.0, tile=8",L1,00003.jpg,[227],227,"[227, 221, 94, 140, 69]",1.0,1.0
M5 CLAHE LAB,"bins=64, clip=4.0, tile=8",L1,00004.jpg,[251],251,"[251, 172, 19, 107, 66]",1.0,1.0
M5 CLAHE LAB,"bins=64, clip=4.0, tile=8",L1,00005.jpg,[274],240,"[240, 153, 216, 199, 198]",0.0,0.0
M5 CLAHE LAB,"bins=64, clip=4.0, tile=8",L1,00006.jpg,[285],285,"[285, 27, 31, 105, 242]",1.0,1.0
M5 CLAHE LAB,"bins=64, clip=4.0, tile=8",L1,00007.jpg,[258],258,"[258, 46, 162, 49, 209]",1.0,1.0
M5 CLAHE LAB,"bins=64, clip=4.0, tile=8",L1,00008.jpg,[117],117,"[117, 0, 190, 10, 197]",1.0,1.0
M5 CLAHE LAB,"bins=64, clip=4.0, tile=8",L1,00009.jpg,[203],203,"[203, 86, 170, 149, 271]",1.0,1.0
M5 CLAHE LAB,"bins=64, clip=4.0, tile=8",L1,00010.jpg,[192],174,"[174, 29, 51, 31, 105]",0.0,0.0
M5 CLAHE LAB,"bins=64, clip=4.0, tile=8",L1,00011.jpg,[22],22,"[22, 14, 16, 252, 200]",1.0,1.0
M5 CLAHE LAB,"bins=64, clip=4.0, tile=8",L1,00012.jpg,[113],259,"[259, 225, 72, 130, 58]",0.0,0.0
M5 CLAHE LAB,"bins=64, clip=4.0, tile=8",L1,00013.jpg,[101],101,"[101, 182, 212, 187, 226]",1.0,1.0
M5 CLAHE LAB,"bins=64, clip=4.0, tile=8",L1,00014.jpg,[174],149,"[149, 154, 174, 195, 145]",0.0,0.3333333333333333
M5 CLAHE LAB,"bins=64, clip=4.0, tile=8",L1,00015.jpg,[155],155,"[155, 140, 253, 265, 132]",1.0,1.0
M5 CLAHE LAB,"bins=64, clip=4.0, tile=8",L1,00016.jpg,[270],212,"[212, 194, 205, 220, 252]",0.0,0.0
M5 CLAHE LAB,"bins=64, clip=4.0, tile=8",L1,00017.jpg,[47],209,"[209, 75, 47, 36, 49]",0.0,0.3333333333333333
M5 CLAHE LAB,"bins=64, clip=4.0, tile=8",L1,00018.jpg,[286],286,"[286, 133, 116, 126, 123]",1.0,1.0
M5 CLAHE LAB,"bins=64, clip=4.0, tile=8",L1,00019.jpg,[215],215,"[215, 253, 39, 235, 82]",1.0,1.0
M5 CLAHE LAB,"bins=64, clip=4.0, tile=8",L1,00020.jpg,[262],26,"[26, 221, 69, 63, 275]",0.0,0.0
M5 CLAHE LAB,"bins=64, clip=4.0, tile=8",L1,00021.jpg,[245],245,"[245, 196, 57, 221, 218]",1.0,1.0
M5 CLAHE LAB,"bins=64, clip=4.0, tile=8",L1,00022.jpg,[257],257,"[257, 196, 110, 174, 130]",1.0,1.0
M5 CLAHE LAB,"bins=64, clip=4.0, tile=8",L1,00023.jpg,[182],186,"[186, 222, 79, 236, 182]",0.0,0.2
M5 CLAHE LAB,"bins=64, clip=4.0, tile=8",L1,00024.jpg,[262],262,"[262, 275, 246, 69, 237]",1.0,1.0
M5 CLAHE LAB,"bins=64, clip=4.0, tile=8",L1,00025.jpg,[38],38,"[38, 218, 64, 244, 57]",1.0,1.0
M5 CLAHE LAB,"bins=64, clip=4.0, tile=8",L1,00026.jpg,[238],121,"[121, 238, 240, 216, 231]",0.0,0.5
M5 CLAHE LAB,"bins=64, clip=4.0, tile=8",L1,00027.jpg,[67],67,"[67, 114, 20, 272, 182]",1.0,1.0
M5 CLAHE LAB,"bins=64, clip=4.0, tile=8",L1,00028.jpg,[86],105,"[105, 154, 145, 29, 200]",0.0,0.0
M5 CLAHE LAB,"bins=64, clip=4.0, tile=8",L1,00029.jpg,[133],133,"[133, 126, 218, 123, 286]",1.0,1.0
M5 CLAHE LAB,"bins=64, clip=4.0, tile=8",intersection,00000.jpg,[120],236,"[236, 14, 222, 120, 95]",0.0,0.25
M5 CLAHE LAB,"bins=64, clip=4.0, tile=8",intersection,00001.jpg,[170],170,"[170, 23, 196, 281, 218]",1.0,1.0
M5 CLAHE LAB,"bins=64, clip=4.0, tile=8",intersection,00002.jpg,[277],277,"[277, 286, 83, 247, 180]",1.0,1.0
M5 CLAHE LAB,"bins=64, clip=4.0, tile=8",intersection,00003.jpg,[227],227,"[227, 221, 94, 140, 69]",1.0,1.0
M5 CLAHE LAB,"bins=64, clip=4.0, tile=8",intersection,00004.jpg,[251],251,"[251, 172, 19, 107, 66]",1.0,1.0
M5 CLAHE LAB,"bins=64, clip=4.0, tile=8",intersection,00005.jpg,[274],240,"[240, 153, 216, 199, 198]",0.0,0.0
M5 CLAHE LAB,"bins=64, clip=4.0, tile=8",intersection,00006.jpg,[285],285,"[285, 27, 31, 105, 242]",1.0,1.0
M5 CLAHE LAB,"bins=64, clip=4.0, tile=8",intersection,00007.jpg,[258],258,"[258, 46, 162, 49, 209]",1.0,1.0
M5 CLAHE LAB,"bins=64, clip=4.0, tile=8",intersection,00008.jpg,[117],117,"[117, 0, 190, 10, 197]",1.0,1.0
M5 CLAHE LAB,"bins=64, clip=4.0, tile=8",intersection,00009.jpg,[203],203,"[203, 86, 170, 149, 271]",1.0,1.0
M5 CLAHE LAB,"bins=64, clip=4.0, tile=8",intersection,00010.jpg,[192],174,"[174, 29, 51, 31, 105]",0.0,0.0
M5 CLAHE LAB,"bins=64, clip=4.0, tile=8",intersection,00011.jpg,[22],22,"[22, 14, 16, 252, 200]",1.0,1.0
M5 CLAHE LAB,"bins=64, clip=4.0, tile=8",intersection,00012.jpg,[113],259,"[259, 225, 72, 130, 58]",0.0,0.0
M5 CLAHE LAB,"bins=64, clip=4.0, tile=8",intersection,00013.jpg,[101],101,"[101, 182, 212, 187, 226]",1.0,1.0
M5 CLAHE LAB,"bins=64, clip=4.0, tile=8",intersection,00014.jpg,[174],149,"[149, 154, 174, 195, 145]",0.0,0.3333333333333333
M5 CLAHE LAB,"bins=64, clip=4.0, tile=8",intersection,00015.jpg,[155],155,"[155, 140, 253, 265, 132]",1.0,1.0
M5 CLAHE LAB,"bins=64, clip=4.0, tile=8",intersection,00016.jpg,[270],212,"[212, 194, 205, 220, 252]",0.0,0.0
M5 CLAHE LAB,"bins=64, clip=4.0, tile=8",intersection,00017.jpg,[47],209,"[209, 75, 47, 36, 49]",0.0,0.3333333333333333
M5 CLAHE LAB,"bins=64, clip=4.0, tile=8",intersection,00018.jpg,[286],286,"[286, 133, 116, 126, 123]",1.0,1.0
M5 CLAHE LAB,"bins=64, clip=4.0, tile=8",intersection,00019.jpg,[215],215,"[215, 253, 39, 235, 82]",1.0,1.0
M5 CLAHE LAB,"bins=64, clip=4.0, tile=8",intersection,00020.jpg,[262],26,"[26, 221, 69, 63, 275]",0.0,0.0
M5 CLAHE LAB,"bins=64, clip=4.0, tile=8",intersection,00021.jpg,[245],245,"[245, 196, 57, 221, 218]",1.0,1.0
M5 CLAHE LAB,"bins=64, clip=4.0, tile=8",intersection,00022.jpg,[257],257,"[257, 196, 110, 174, 130]",1.0,1.0
M5 CLAHE LAB,"bins=64, clip=4.0, tile=8",intersection,00023.jpg,[182],186,"[186, 222, 79, 236, 182]",0.0,0.2
M5 CLAHE LAB,"bins=64, clip=4.0, tile=8",intersection,00024.jpg,[262],262,"[262, 275, 246, 69, 237]",1.0,1.0
M5 CLAHE LAB,"bins=64, clip=4.0, tile=8",intersection,00025.jpg,[38],38,"[38, 218, 64, 244, 57]",1.0,1.0
M5 CLAHE LAB,"bins=64, clip=4.0, tile=8",intersection,00026.jpg,[238],121,"[121, 238, 240, 216, 231]",0.0,0.5
M5 CLAHE LAB,"bins=64, clip=4.0, tile=8",intersection,00027.jpg,[67],67,"[67, 114, 20, 272, 182]",1.0,1.0
M5 CLAHE LAB,"bins=64, clip=4.0, tile=8",intersection,00028.jpg,[86],105,"[105, 154, 145, 29, 200]",0.0,0.0
M5 CLAHE LAB,"bins=64, clip=4.0, tile=8",intersection,00029.jpg,[133],133,"[133, 126, 218, 123, 286]",1.0,1.0
