Rank,Descriptor,Distance,Method,MAP@1,MAP@5
1,M5 CLAHE LAB,L1,M5 CLAHE LAB + L1,0.6,0.6611111111111111
2,M5 CLAHE LAB,intersection,M5 CLAHE LAB + intersection,0.6,0.6611111111111111
3,M7 Gradient orientation,chi2,M7 Gradient orientation + chi2,0.5333333333333333,0.6277777777777778
4,M7 Gradient orientation,hellinger,M7 Gradient orientation + hellinger,0.5333333333333333,0.6277777777777778
5,M7 Gradient orientation,jensen_shannon,M7 Gradient orientation + jensen_shannon,0.5333333333333333,0.6277777777777778
6,M5 CLAHE LAB,hellinger,M5 CLAHE LAB + hellinger,0.5,0.6122222222222222
7,M5 CLAHE LAB,jensen_shannon,M5 CLAHE LAB + jensen_shannon,0.5,0.6066666666666667
8,M5 CLAHE LAB,chi2,M5 CLAHE LAB + chi2,0.5,0.5944444444444444
9,M3 LAB chroma,chi2,M3 LAB chroma + chi2,0.5,0.5444444444444445
10,M3 LAB chroma,hellinger,M3 LAB chroma + hellinger,0.5,0.5427777777777778
11,M2 HSV,emd,M2 HSV + emd,0.4666666666666667,0.5422222222222222
12,M7 Gradient orientation,L1,M7 Gradient orientation + L1,0.4,0.5416666666666666
13,M7 Gradient orientation,intersection,M7 Gradient orientation + intersection,0.4,0.5416666666666666
14,M3 LAB chroma,jensen_shannon,M3 LAB chroma + jensen_shannon,0.5,0.5361111111111112
15,M3 LAB chroma,L1,M3 LAB chroma + L1,0.4666666666666667,0.5344444444444444
16,M3 LAB chroma,intersection,M3 LAB chroma + intersection,0.4666666666666667,0.5344444444444444
17,M5 CLAHE LAB,euclidean,M5 CLAHE LAB + euclidean,0.4666666666666667,0.5261111111111111
18,M2 HSV,L1,M2 HSV + L1,0.4666666666666667,0.5244444444444444
19,M2 HSV,intersection,M2 HSV + intersection,0.4666666666666667,0.5244444444444444
20,M3 LAB chroma,emd,M3 LAB chroma + emd,0.43333333333333335,0.5194444444444445
21,M2 HSV,hellinger,M2 HSV + hellinger,0.43333333333333335,0.515
22,M2 HSV,jensen_shannon,M2 HSV + jensen_shannon,0.43333333333333335,0.5133333333333334
23,M2 HSV,chi2,M2 HSV + chi2,0.43333333333333335,0.5066666666666667
24,M5 CLAHE LAB,emd,M5 CLAHE LAB + emd,0.43333333333333335,0.505
25,M3 LAB chroma,euclidean,M3 LAB chroma + euclidean,0.4,0.4761111111111111
26,M4 HSV chroma,hellinger,M4 HSV chroma + hellinger,0.43333333333333335,0.4716666666666667
27,M5 CLAHE LAB,cosine,M5 CLAHE LAB + cosine,0.4,0.4694444444444444
28,M4 HSV chroma,chi2,M4 HSV chroma + chi2,0.43333333333333335,0.4633333333333333
29,M4 HSV chroma,emd,M4 HSV chroma + emd,0.43333333333333335,0.46111111111111114
30,M4 HSV chroma,jensen_shannon,M4 HSV chroma + jensen_shannon,0.43333333333333335,0.45666666666666667
31,M5 CLAHE LAB,correlation,M5 CLAHE LAB + correlation,0.36666666666666664,0.4527777777777777
32,M4 HSV chroma,L1,M4 HSV chroma + L1,0.36666666666666664,0.4483333333333333
33,M4 HSV chroma,intersection,M4 HSV chroma + intersection,0.36666666666666664,0.4483333333333333
34,M3 LAB chroma,cosine,M3 LAB chroma + cosine,0.36666666666666664,0.44000000000000006
35,M3 LAB chroma,correlation,M3 LAB chroma + correlation,0.36666666666666664,0.44000000000000006
36,M7 Gradient orientation,euclidean,M7 Gradient orientation + euclidean,0.3333333333333333,0.4211111111111111
37,M7 Gradient orientation,cosine,M7 Gradient orientation + cosine,0.3333333333333333,0.4011111111111111
38,M2 HSV,cosine,M2 HSV + cosine,0.3333333333333333,0.39444444444444443
39,M2 HSV,correlation,M2 HSV + correlation,0.3333333333333333,0.38722222222222225
40,M4 HSV chroma,cosine,M4 HSV chroma + cosine,0.3333333333333333,0.375
41,M4 HSV chroma,euclidean,M4 HSV chroma + euclidean,0.3,0.37444444444444447
42,M2 HSV,euclidean,M2 HSV + euclidean,0.26666666666666666,0.3733333333333333
43,M6 Weighted hue,chi2,M6 Weighted hue + chi2,0.3,0.36666666666666664
44,M6 Weighted hue,hellinger,M6 Weighted hue + hellinger,0.3,0.36666666666666664
45,M6 Weighted hue,jensen_shannon,M6 Weighted hue + jensen_shannon,0.3,0.36666666666666664
46,M4 HSV chroma,correlation,M4 HSV chroma + correlation,0.3333333333333333,0.3555555555555555
47,M1 Grayscale,L1,M1 Grayscale + L1,0.3,0.31666666666666665
48,M1 Grayscale,intersection,M1 Grayscale + intersection,0.3,0.31666666666666665
49,M7 Gradient orientation,emd,M7 Gradient orientation + emd,0.23333333333333334,0.30833333333333335
50,M6 Weighted hue,L1,M6 Weighted hue + L1,0.23333333333333334,0.3011111111111111
51,M6 Weighted hue,intersection,M6 Weighted hue + intersection,0.23333333333333334,0.3011111111111111
52,M1 Grayscale,chi2,M1 Grayscale + chi2,0.26666666666666666,0.2944444444444444
53,M1 Grayscale,jensen_shannon,M1 Grayscale + jensen_shannon,0.26666666666666666,0.2944444444444444
54,M1 Grayscale,euclidean,M1 Grayscale + euclidean,0.23333333333333334,0.2816666666666666
55,M1 Grayscale,cosine,M1 Grayscale + cosine,0.23333333333333334,0.2816666666666666
56,M1 Grayscale,hellinger,M1 Grayscale + hellinger,0.23333333333333334,0.27777777777777773
57,M1 Grayscale,emd,M1 Grayscale + emd,0.23333333333333334,0.27777777777777773
58,M1 Grayscale,correlation,M1 Grayscale + correlation,0.23333333333333334,0.2733333333333333
59,M6 Weighted hue,euclidean,M6 Weighted hue + euclidean,0.23333333333333334,0.2733333333333333
60,M7 Gradient orientation,correlation,M7 Gradient orientation + correlation,0.2,0.25222222222222224
61,M6 Weighted hue,emd,M6 Weighted hue + emd,0.16666666666666666,0.2222222222222222
62,M6 Weighted hue,cosine,M6 Weighted hue + cosine,0.16666666666666666,0.19833333333333333
63,M8 LBP,cosine,M8 LBP + cosine,0.16666666666666666,0.19277777777777777
64,M8 LBP,correlation,M8 LBP + correlation,0.16666666666666666,0.19277777777777777
65,M8 LBP,euclidean,M8 LBP + euclidean,0.16666666666666666,0.18833333333333335
66,M8 LBP,chi2,M8 LBP + chi2,0.16666666666666666,0.1861111111111111
67,M8 LBP,hellinger,M8 LBP + hellinger,0.16666666666666666,0.1861111111111111
68,M8 LBP,jensen_shannon,M8 LBP + jensen_shannon,0.16666666666666666,0.1861111111111111
69,M8 LBP,L1,M8 LBP + L1,0.16666666666666666,0.18166666666666667
70,M8 LBP,intersection,M8 LBP + intersection,0.16666666666666666,0.18166666666666667
71,M6 Weighted hue,correlation,M6 Weighted hue + correlation,0.13333333333333333,0.17333333333333334
72,M8 LBP,emd,M8 LBP + emd,0.03333333333333333,0.06666666666666667
