Descriptor,Parameters,Distance,MAP@1,MAP@5
M1 Grayscale,bins=16,euclidean,0.26666666666666666,0.3
M1 Grayscale,bins=16,L1,0.23333333333333334,0.2833333333333333
M1 Grayscale,bins=16,chi2,0.26666666666666666,0.3
M1 Grayscale,bins=16,intersection,0.23333333333333334,0.2833333333333333
M1 Grayscale,bins=16,hellinger,0.26666666666666666,0.3
M1 Grayscale,bins=16,cosine,0.23333333333333334,0.2833333333333333
M1 Grayscale,bins=16,correlation,0.2,0.26666666666666666
M1 Grayscale,bins=16,jensen_shannon,0.26666666666666666,0.3
M1 Grayscale,bins=16,emd,0.23333333333333334,0.28055555555555556
M2 HSV,bins=16,euclidean,0.3,0.36333333333333334
M2 HSV,bins=16,L1,0.5333333333333333,0.5916666666666667
M2 HSV,bins=16,chi2,0.5333333333333333,0.6038888888888889
M2 HSV,bins=16,intersection,0.5333333333333333,0.5916666666666667
M2 HSV,bins=16,hellinger,0.5,0.5744444444444444
M2 HSV,bins=16,cosine,0.3333333333333333,0.38611111111111107
M2 HSV,bins=16,correlation,0.3333333333333333,0.37444444444444447
M2 HSV,bins=16,jensen_shannon,0.5,0.5872222222222222
M2 HSV,bins=16,emd,0.4666666666666667,0.5411111111111111
M3 LAB chroma,bins=16,euclidean,0.43333333333333335,0.4788888888888889
M3 LAB chroma,bins=16,L1,0.4666666666666667,0.5177777777777778
M3 LAB chroma,bins=16,chi2,0.4,0.4816666666666667
M3 LAB chroma,bins=16,intersection,0.4666666666666667,0.5177777777777778
M3 LAB chroma,bins=16,hellinger,0.43333333333333335,0.4955555555555556
M3 LAB chroma,bins=16,cosine,0.43333333333333335,0.4788888888888889
M3 LAB chroma,bins=16,correlation,0.43333333333333335,0.4788888888888889
M3 LAB chroma,bins=16,jensen_shannon,0.4,0.4844444444444445
M3 LAB chroma,bins=16,emd,0.4666666666666667,0.5233333333333333
M4 HSV chroma,bins=16,euclidean,0.26666666666666666,0.3522222222222222
M4 HSV chroma,bins=16,L1,0.3333333333333333,0.42888888888888893
M4 HSV chroma,bins=16,chi2,0.43333333333333335,0.4761111111111111
M4 HSV chroma,bins=16,intersection,0.3333333333333333,0.42888888888888893
M4 HSV chroma,bins=16,hellinger,0.43333333333333335,0.47222222222222227
M4 HSV chroma,bins=16,cosine,0.26666666666666666,0.34277777777777785
M4 HSV chroma,bins=16,correlation,0.23333333333333334,0.33444444444444443
M4 HSV chroma,bins=16,jensen_shannon,0.43333333333333335,0.47055555555555556
M4 HSV chroma,bins=16,emd,0.4,0.43444444444444447
M5 CLAHE LAB,"bins=16, clip=1.0, tile=8",euclidean,0.43333333333333335,0.475
M5 CLAHE LAB,"bins=16, clip=1.0, tile=8",L1,0.5333333333333333,0.576111111111111
M5 CLAHE LAB,"bins=16, clip=1.0, tile=8",chi2,0.43333333333333335,0.4966666666666667
M5 CLAHE LAB,"bins=16, clip=1.0, tile=8",intersection,0.5333333333333333,0.576111111111111
M5 CLAHE LAB,"bins=16, clip=1.0, tile=8",hellinger,0.43333333333333335,0.5316666666666666
M5 CLAHE LAB,"bins=16, clip=1.0, tile=8",cosine,0.43333333333333335,0.4666666666666667
M5 CLAHE LAB,"bins=16, clip=1.0, tile=8",correlation,0.43333333333333335,0.4666666666666667
M5 CLAHE LAB,"bins=16, clip=1.0, tile=8",jensen_shannon,0.43333333333333335,0.5055555555555555
M5 CLAHE LAB,"bins=16, clip=1.0, tile=8",emd,0.43333333333333335,0.4977777777777778
M5 CLAHE LAB,"bins=16, clip=2.0, tile=8",euclidean,0.43333333333333335,0.4972222222222222
M5 CLAHE LAB,"bins=16, clip=2.0, tile=8",L1,0.5666666666666667,0.611111111111111
M5 CLAHE LAB,"bins=16, clip=2.0, tile=8",chi2,0.5,0.5733333333333334
M5 CLAHE LAB,"bins=16, clip=2.0, tile=8",intersection,0.5666666666666667,0.611111111111111
M5 CLAHE LAB,"bins=16, clip=2.0, tile=8",hellinger,0.5,0.5816666666666667
M5 CLAHE LAB,"bins=16, clip=2.0, tile=8",cosine,0.43333333333333335,0.4888888888888889
M5 CLAHE LAB,"bins=16, clip=2.0, tile=8",correlation,0.43333333333333335,0.4944444444444444
M5 CLAHE LAB,"bins=16, clip=2.0, tile=8",jensen_shannon,0.5,0.5733333333333334
M5 CLAHE LAB,"bins=16, clip=2.0, tile=8",emd,0.43333333333333335,0.5038888888888889
M5 CLAHE LAB,"bins=16, clip=4.0, tile=8",euclidean,0.43333333333333335,0.4972222222222223
M5 CLAHE LAB,"bins=16, clip=4.0, tile=8",L1,0.5333333333333333,0.5833333333333334
M5 CLAHE LAB,"bins=16, clip=4.0, tile=8",chi2,0.5666666666666667,0.5983333333333333
M5 CLAHE LAB,"bins=16, clip=4.0, tile=8",intersection,0.5333333333333333,0.5833333333333334
M5 CLAHE LAB,"bins=16, clip=4.0, tile=8",hellinger,0.5666666666666667,0.5944444444444444
M5 CLAHE LAB,"bins=16, clip=4.0, tile=8",cosine,0.43333333333333335,0.4872222222222222
M5 CLAHE LAB,"bins=16, clip=4.0, tile=8",correlation,0.43333333333333335,0.4855555555555556
M5 CLAHE LAB,"bins=16, clip=4.0, tile=8",jensen_shannon,0.5666666666666667,0.5944444444444444
M5 CLAHE LAB,"bins=16, clip=4.0, tile=8",emd,0.4666666666666667,0.5638888888888889
M5 CLAHE LAB,"bins=32, clip=1.0, tile=8",euclidean,0.4,0.47777777777777775
M5 CLAHE LAB,"bins=32, clip=1.0, tile=8",L1,0.5333333333333333,0.6305555555555554
M5 CLAHE LAB,"bins=32, clip=1.0, tile=8",chi2,0.43333333333333335,0.5583333333333333
M5 CLAHE LAB,"bins=32, clip=1.0, tile=8",intersection,0.5333333333333333,0.6305555555555554
M5 CLAHE LAB,"bins=32, clip=1.0, tile=8",hellinger,0.4666666666666667,0.58
M5 CLAHE LAB,"bins=32, clip=1.0, tile=8",cosine,0.36666666666666664,0.4566666666666667
M5 CLAHE LAB,"bins=32, clip=1.0, tile=8",correlation,0.36666666666666664,0.46222222222222226
M5 CLAHE LAB,"bins=32, clip=1.0, tile=8",jensen_shannon,0.4666666666666667,0.575
M5 CLAHE LAB,"bins=32, clip=1.0, tile=8",emd,0.43333333333333335,0.4983333333333333
M5 CLAHE LAB,"bins=32, clip=4.0, tile=8",euclidean,0.43333333333333335,0.49111111111111116
M5 CLAHE LAB,"bins=32, clip=4.0, tile=8",L1,0.5333333333333333,0.6194444444444444
M5 CLAHE LAB,"bins=32, clip=4.0, tile=8",chi2,0.5,0.5944444444444444
M5 CLAHE LAB,"bins=32, clip=4.0, tile=8",intersection,0.5333333333333333,0.6194444444444444
M5 CLAHE LAB,"bins=32, clip=4.0, tile=8",hellinger,0.5,0.5944444444444444
M5 CLAHE LAB,"bins=32, clip=4.0, tile=8",cosine,0.43333333333333335,0.4827777777777778
M5 CLAHE LAB,"bins=32, clip=4.0, tile=8",correlation,0.43333333333333335,0.4827777777777778
M5 CLAHE LAB,"bins=32, clip=4.0, tile=8",jensen_shannon,0.5,0.5944444444444444
M5 CLAHE LAB,"bins=32, clip=4.0, tile=8",emd,0.5333333333333333,0.6022222222222222
M1 Grayscale,bins=64,euclidean,0.26666666666666666,0.29277777777777775
M1 Grayscale,bins=64,L1,0.26666666666666666,0.28888888888888886
M1 Grayscale,bins=64,chi2,0.26666666666666666,0.2944444444444444
M1 Grayscale,bins=64,intersection,0.26666666666666666,0.28888888888888886
M1 Grayscale,bins=64,hellinger,0.23333333333333334,0.28444444444444444
M1 Grayscale,bins=64,cosine,0.26666666666666666,0.29111111111111115
M1 Grayscale,bins=64,correlation,0.23333333333333334,0.2677777777777778
M1 Grayscale,bins=64,jensen_shannon,0.26666666666666666,0.3011111111111111
M1 Grayscale,bins=64,emd,0.23333333333333334,0.27777777777777773
M2 HSV,bins=64,euclidean,0.3,0.3777777777777777
M2 HSV,bins=64,L1,0.4,0.5216666666666667
M2 HSV,bins=64,chi2,0.43333333333333335,0.49444444444444446
M2 HSV,bins=64,intersection,0.4,0.5216666666666667
M2 HSV,bins=64,hellinger,0.36666666666666664,0.46222222222222226
M2 HSV,bins=64,cosine,0.26666666666666666,0.3494444444444445
M2 HSV,bins=64,correlation,0.23333333333333334,0.34555555555555556
M2 HSV,bins=64,jensen_shannon,0.4,0.4761111111111111
M2 HSV,bins=64,emd,0.4666666666666667,0.5422222222222222
M3 LAB chroma,bins=64,euclidean,0.36666666666666664,0.42055555555555557
M3 LAB chroma,bins=64,L1,0.4,0.46222222222222226
M3 LAB chroma,bins=64,chi2,0.5,0.5177777777777778
M3 LAB chroma,bins=64,intersection,0.4,0.46222222222222226
M3 LAB chroma,bins=64,hellinger,0.5,0.55
M3 LAB chroma,bins=64,cosine,0.3333333333333333,0.4011111111111111
M3 LAB chroma,bins=64,correlation,0.3333333333333333,0.4011111111111111
M3 LAB chroma,bins=64,jensen_shannon,0.5,0.5261111111111111
M3 LAB chroma,bins=64,emd,0.4666666666666667,0.5677777777777777
M4 HSV chroma,bins=64,euclidean,0.23333333333333334,0.32333333333333336
M4 HSV chroma,bins=64,L1,0.4,0.4761111111111111
M4 HSV chroma,bins=64,chi2,0.43333333333333335,0.4827777777777778
M4 HSV chroma,bins=64,intersection,0.4,0.4761111111111111
M4 HSV chroma,bins=64,hellinger,0.43333333333333335,0.48000000000000004
M4 HSV chroma,bins=64,cosine,0.3,0.3722222222222222
M4 HSV chroma,bins=64,correlation,0.26666666666666666,0.33555555555555555
M4 HSV chroma,bins=64,jensen_shannon,0.43333333333333335,0.4855555555555556
M4 HSV chroma,bins=64,emd,0.4,0.4444444444444445
M5 CLAHE LAB,"bins=64, clip=1.0, tile=8",euclidean,0.3333333333333333,0.4038888888888889
M5 CLAHE LAB,"bins=64, clip=1.0, tile=8",L1,0.5333333333333333,0.625
M5 CLAHE LAB,"bins=64, clip=1.0, tile=8",chi2,0.4666666666666667,0.5844444444444444
M5 CLAHE LAB,"bins=64, clip=1.0, tile=8",intersection,0.5333333333333333,0.625
M5 CLAHE LAB,"bins=64, clip=1.0, tile=8",hellinger,0.5333333333333333,0.6372222222222222
M5 CLAHE LAB,"bins=64, clip=1.0, tile=8",cosine,0.36666666666666664,0.43
M5 CLAHE LAB,"bins=64, clip=1.0, tile=8",correlation,0.36666666666666664,0.43
M5 CLAHE LAB,"bins=64, clip=1.0, tile=8",jensen_shannon,0.5333333333333333,0.6327777777777778
M5 CLAHE LAB,"bins=64, clip=1.0, tile=8",emd,0.43333333333333335,0.5038888888888889
M5 CLAHE LAB,"bins=64, clip=2.0, tile=8",euclidean,0.3333333333333333,0.3927777777777778
M5 CLAHE LAB,"bins=64, clip=2.0, tile=8",L1,0.5666666666666667,0.6594444444444445
M5 CLAHE LAB,"bins=64, clip=2.0, tile=8",chi2,0.5333333333333333,0.6466666666666666
M5 CLAHE LAB,"bins=64, clip=2.0, tile=8",intersection,0.5666666666666667,0.6594444444444445
M5 CLAHE LAB,"bins=64, clip=2.0, tile=8",hellinger,0.5333333333333333,0.6444444444444445
M5 CLAHE LAB,"bins=64, clip=2.0, tile=8",cosine,0.36666666666666664,0.43666666666666665
M5 CLAHE LAB,"bins=64, clip=2.0, tile=8",correlation,0.36666666666666664,0.43666666666666665
M5 CLAHE LAB,"bins=64, clip=2.0, tile=8",jensen_shannon,0.5,0.6361111111111111
M5 CLAHE LAB,"bins=64, clip=2.0, tile=8",emd,0.43333333333333335,0.5133333333333333
M5 CLAHE LAB,"bins=64, clip=4.0, tile=8",euclidean,0.3333333333333333,0.3994444444444445
M5 CLAHE LAB,"bins=64, clip=4.0, tile=8",L1,0.6333333333333333,0.6872222222222223
M5 CLAHE LAB,"bins=64, clip=4.0, tile=8",chi2,0.5666666666666667,0.6477777777777778
M5 CLAHE LAB,"bins=64, clip=4.0, tile=8",intersection,0.6333333333333333,0.6872222222222223
M5 CLAHE LAB,"bins=64, clip=4.0, tile=8",hellinger,0.5666666666666667,0.6344444444444444
M5 CLAHE LAB,"bins=64, clip=4.0, tile=8",cosine,0.3,0.4077777777777778
M5 CLAHE LAB,"bins=64, clip=4.0, tile=8",correlation,0.3,0.4077777777777778
M5 CLAHE LAB,"bins=64, clip=4.0, tile=8",jensen_shannon,0.5666666666666667,0.6411111111111112
M5 CLAHE LAB,"bins=64, clip=4.0, tile=8",emd,0.5666666666666667,0.6305555555555556
M6 Weighted hue,bins=18,euclidean,0.13333333333333333,0.2111111111111111
M6 Weighted hue,bins=18,L1,0.2,0.27777777777777773
M6 Weighted hue,bins=18,chi2,0.26666666666666666,0.3333333333333333
M6 Weighted hue,bins=18,intersection,0.2,0.27777777777777773
M6 Weighted hue,bins=18,hellinger,0.3,0.3622222222222222
M6 Weighted hue,bins=18,cosine,0.13333333333333333,0.17777777777777776
M6 Weighted hue,bins=18,correlation,0.13333333333333333,0.175
M6 Weighted hue,bins=18,jensen_shannon,0.26666666666666666,0.3472222222222222
M6 Weighted hue,bins=18,emd,0.2,0.24000000000000002
M6 Weighted hue,bins=72,euclidean,0.23333333333333334,0.2661111111111111
M6 Weighted hue,bins=72,L1,0.3333333333333333,0.3788888888888889
M6 Weighted hue,bins=72,chi2,0.3333333333333333,0.3983333333333333
M6 Weighted hue,bins=72,intersection,0.3333333333333333,0.3788888888888889
M6 Weighted hue,bins=72,hellinger,0.3333333333333333,0.41444444444444445
M6 Weighted hue,bins=72,cosine,0.23333333333333334,0.28444444444444444
M6 Weighted hue,bins=72,correlation,0.23333333333333334,0.28444444444444444
M6 Weighted hue,bins=72,jensen_shannon,0.3333333333333333,0.4
M6 Weighted hue,bins=72,emd,0.16666666666666666,0.23055555555555554
M8 LBP,size=128,euclidean,0.36666666666666664,0.4305555555555555
M8 LBP,size=128,L1,0.36666666666666664,0.46944444444444444
M8 LBP,size=128,chi2,0.4,0.4972222222222222
M8 LBP,size=128,intersection,0.36666666666666664,0.46944444444444444
M8 LBP,size=128,hellinger,0.4,0.4944444444444444
M8 LBP,size=128,cosine,0.4666666666666667,0.5105555555555557
M8 LBP,size=128,correlation,0.4666666666666667,0.5077777777777778
M8 LBP,size=128,jensen_shannon,0.4,0.4972222222222222
M8 LBP,size=128,emd,0.06666666666666667,0.09444444444444446
M8 LBP,size=384,euclidean,0.06666666666666667,0.10666666666666667
M8 LBP,size=384,L1,0.13333333333333333,0.14166666666666666
M8 LBP,size=384,chi2,0.13333333333333333,0.14166666666666666
M8 LBP,size=384,intersection,0.13333333333333333,0.14166666666666666
M8 LBP,size=384,hellinger,0.13333333333333333,0.14166666666666666
M8 LBP,size=384,cosine,0.06666666666666667,0.10277777777777777
M8 LBP,size=384,correlation,0.06666666666666667,0.10111111111111111
M8 LBP,size=384,jensen_shannon,0.13333333333333333,0.14166666666666666
M8 LBP,size=384,emd,0.03333333333333333,0.06666666666666667
